{"cameraMode":{"drawMode":0,"name":"Shaded","section":"Shading Mode"},"sceneLighting":false,"audioPlay":false,"sceneViewState":{"showFog":true,"showMaterialUpdate":false,"showSkybox":false,"showFlares":true,"showImageEffects":true,"showParticleSystems":true},"in2DMode":false,"pivot":{"x":22.43000030517578,"y":0.9878151416778565,"z":-13.40420150756836},"rotation":{"x":-0.14649221301078797,"y":-0.47818127274513247,"z":0.08125132322311402,"w":-0.8621389269828796},"size":4.654226303100586,"orthographic":false}