{"cameraMode":{"drawMode":0,"name":"Shaded","section":"Shading Mode"},"sceneLighting":false,"audioPlay":false,"sceneViewState":{"showFog":true,"showMaterialUpdate":false,"showSkybox":false,"showFlares":true,"showImageEffects":true,"showParticleSystems":true},"in2DMode":false,"pivot":{"x":19.84926986694336,"y":0.8744872808456421,"z":10.940801620483399},"rotation":{"x":-0.14649221301078797,"y":-0.47818127274513247,"z":0.08125132322311402,"w":-0.8621389269828796},"size":4.743293285369873,"orthographic":false}